index,question,gold_v3,system_answer,status,archetype,difficulty,reason,confidence
0,白峰信用リスク評価の提案書old.pptxから提案書.pptxへの更新内容のうち、案件遂行に関連する実質的な変更を挙げてください。,提案書スライド6『4. 分析アプローチ 全体像』に、4.1データ理解・品質確認〜4.5ガバナンス・監査対応の各フェーズの作業内容が追記された,わかりません,ABSTAIN,document_extract,中（システム棄権）,調査AGと検証AGが不一致(調査AGのみが該当なし(棄権) — 片方が値を主張し他方が棄権) → 決着不能: 第3判定「分析アプローチの全体像が5段階（データ理解・品質確認、前処理方針策定、モデル比較、リスクセグメンテーション、ガバナンス・監査対応）に具体化された点、および費用見積の支払内訳が着手金40%・検収金60%からそれぞれ50%に変更された点。」がどちらの候補とも不一致 — 棄権,0.00
1,恒一会 かえで総合病院の最終報告書old版と最新版を比較したとき、案件遂行に関連する実質的な変更を挙げてください。,最終報告スライド7の、中間段階と最終モデルの性能比較表（AUC-ROC/F1-macro/Accuracyの中間実測値と最終値）を削除し、改善幅のみを示す1行要約に置換した,わかりません,ABSTAIN,version_diff,高（システム棄権）,調査AGと検証AGが不一致(調査AGのみが該当なし(棄権) — 片方が値を主張し他方が棄権) → 決着不能: 第3判定「業務提言の詳細（スライド10）において、閾値運用の目標が変更された。旧版では「Recall ≧ 0.85を維持」とされていたが、最新版では「Recall ≧ 0.85を維持しつつ、False Positive増加に伴う追加検査コストを許容範囲内に抑制する」という、より具体的でコストを考慮した目標設定に修正されている。」がどちらの候補とも不一致 — 棄権,0.00
2,青嶺不動産アセットマネジメントのスケジュール_r2.xlsxにおいて、オレンジにハイライトされている行のタスク名をすべて答えてください。,プロジェクトキックオフ実施、中間報告会実施、最終報告会実施,a2,WRONG,highlight_set,高（システム過信誤り）,調査AGと検証AGが不一致(検証AGのみが該当なし(棄権) — 片方が値を主張し他方が棄権) → 第3判定が調査AGを支持(列挙14件が集合一致),0.80
3,恒一会 かえで総合病院の契約書において、太字で記載されている箇所のうち、日付以外のものをすべて抽出してください。,"time_and_materials、実績工数に基づき、案件完了後に最終成果物の検収を経て一括精算する。、30分単位、25,000円／時間",a3,MATCH,document_extract,中（システム正答）,調査AGと検証AGが一致 — 採用(列挙7件が集合一致),1.00
4,蒼泉会 ひがし丘総合病院の01_eda.ipynbを確認して、目的変数と相関が最も高い数値特徴量を教えてください。,bmi,a4,WRONG,derived_calculation,高（システム過信誤り）,調査AGと検証AGが一致 — 採用(正規化テキストが一致),1.00
5,青潮モビリティサービスの最終報告にて最良モデルとしているモデルのパラメータであるmax_depthはいくらに設定されていますか。,6,a5,MATCH,derived_calculation,高（システム正答）,調査AGと検証AGが一致 — 採用(数値一致(丸め許容): 6 ≈ 6),1.00
6,蒼泉会 ひがし丘総合病院案件において、提案時の税込み見込み金額と最終請求金額の差額はいくらですか。,0円,a6,MATCH,derived_calculation,高（システム正答）,調査AGと検証AGが不一致(検証AGのみが該当なし(棄権) — 片方が値を主張し他方が棄権) → 第3判定が調査AGを支持(数値一致(丸め許容): 0 ≈ 0),1.00
7,青潮モビリティサービスの基礎分析.pptxにおいて、黄色ハイライトされている数値に対応するデータの抽出条件と集計内容を答えてください。,hr=8、weekday=2で抽出されたデータに対する最大 / temp,わかりません,ABSTAIN,document_extract,中（システム棄権）,調査AGと検証AGが一致 — 採用(両者とも該当なし(棄権)で一致),0.00
8,東都人材プラットフォームのデータサイエンティスト調査資料において、米国平均給与における機械学習（ML）エンジニアとデータエンジニアの差はいくらですか。,"14,744ドル",わかりません,ABSTAIN,derived_calculation,高（システム棄権）,調査AGと検証AGが一致 — 採用(両者とも該当なし(棄権)で一致),0.00
9,青葉与信マネジメントの最終報告資料の最新版になる際に修正されたもののうち、案件遂行に関連する変更を挙げてください。,該当なし,わかりません,ABSTAIN,document_extract,中（システム棄権）,"調査AGと検証AGが不一致(列挙不一致 — 調査AG欠落: *   **変数利用方針の確定**: interest_rate / grade の審査時点での利用可否を確定し, *   **目的変数の公式文書化と配布**: 解析解釈の基準統一のため, **クイックウィン(短期:直ちに実施推奨)**, loan_statusの定義を明記し, プロジェクトの成果を踏まえ, リーケージ防止と運用, 今後の業務遂行において実施すべき事項として最終的に確定・提言されたものです。, 全成果物で参照できるようにする。, 案件遂行に関連する変更として以下の点が挙げられます。これらは, 青葉与信マネジメントの最終報告資料の最新版において / 調査AG余剰: 「クイックウィン(短期)」, 「データ改善・組織体制(中〜長期)」の3つのスライドに分けられました。この変更により, 「モデル運用・ガバナンス(中期)」, 従来1枚にまとめられていた業務提言が, 旧版から業務提言の構成が変更されています。具体的には, 案件遂行における各施策の優先順位とタイムラインが明確化されました。, 青葉与信マネジメントの最終報告資料の最新版では) → 決着不能: 第3判定「実施方法のワークフロー図において、モデリング(Step4)と報告・納品(Step5)の順序が入れ替わっていた点が修正された。」がどちらの候補とも不一致 — 棄権",0.00
10,恒一会 かえで総合病院のtrain.xlsxにおいて、AG_ratioのヒストグラムで最も多いカウント数はいくつですか。,958,a10,WRONG,derived_calculation,高（システム過信誤り）,調査AGと検証AGが一致 — 採用(数値一致(丸め許容): 1473 ≈ 1473),1.00
11,青嶺不動産アセットマネジメントの報告資料の中で、太字、下線、イタリックのすべてに該当する箇所を抽出してください。,"4,675,000円",わかりません,ABSTAIN,document_extract,中（システム棄権）,調査AGと検証AGが一致 — 採用(両者とも該当なし(棄権)で一致),0.00
12,蒼泉会 ひがし丘総合病院の報告資料_2025-07-08.docxにおいて、WBS観点の進捗状況の見出しがあるのは何ページですか。,2ページ,わかりません,ABSTAIN,fact_lookup,中（システム棄権）,調査AGと検証AGが不一致(検証AGのみが該当なし(棄権) — 片方が値を主張し他方が棄権) → 第3判定が検証AGを支持(両者とも該当なし(棄権)で一致),0.00
13,データアステル社の中でもっとも多くの案件にかかわっている人の内線番号を教えてください。,7104,わかりません,ABSTAIN,fact_lookup,中（システム棄権）,調査AGと検証AGが一致 — 採用(両者とも該当なし(棄権)で一致),0.00
14,青葉与信マネジメントの提案書_v1.pptxから提案書_v3.pptxに修正されたもののうち、案件遂行に関連する変更を挙げてください。,分析対象のデータ列名をアンダースコア表記へ修正：loan_status、employment_length、application_type、interest_rate,わかりません,ABSTAIN,version_diff,高（システム棄権）,調査AGと検証AGが不一致(調査AGのみが該当なし(棄権) — 片方が値を主張し他方が棄権) → 第3判定が調査AGを支持(両者とも該当なし(棄権)で一致),0.00
15,東都人材プラットフォームのtrain.xlsxにおいて、Sheet1の黄色にハイライトされたセルの抽出条件と集計内容を答えてください。,Gender=Male、target=2、Age=40-44、Country=Spainで抽出されたデータに対する個数,わかりません,ABSTAIN,document_extract,中（システム棄権）,調査AGと検証AGが不一致(調査AGのみが該当なし(棄権) — 片方が値を主張し他方が棄権) → 第3判定が調査AGを支持(両者とも該当なし(棄権)で一致),0.00
16,青葉与信マネジメントの中間報告資料にて、黄色ハイライトかつ赤字となっている部分を抜き出してください。,0.589,わかりません,ABSTAIN,document_extract,中（システム棄権）,調査AGと検証AGが不一致(検証AGのみが該当なし(棄権) — 片方が値を主張し他方が棄権) → 第3判定が検証AGを支持(両者とも該当なし(棄権)で一致),0.00
17,AYMのMMにおいて、黄色ハイライトかつREDになっている数値を対象に、最初のMMから最後のMMまでの上昇率を計算してください。上昇率は （最後の値 - 最初の値） / 最初の値 × 100 で求め、小数第2位まで答えてください。,2.21,わかりません,ABSTAIN,derived_calculation,高（システム棄権）,調査AGと検証AGが一致 — 採用(両者とも該当なし(棄権)で一致),0.00
18,白峰信用リスク評価の会議ID：M04の会議録にて、進捗サマリが記載されているページ番号を答えてください。,2ページ目,わかりません,ABSTAIN,fact_lookup,中（システム棄権）,調査AGと検証AGが一致 — 採用(両者とも該当なし(棄権)で一致),0.00
19,青嶺不動産アセットマネジメントのスケジュール_r2.xlsxにおいて、2025-08-11から2025-09-09の間に開始日または終了日が設定されているタスクIDをすべて挙げてください。,T04、T05、T06、T07、T08、T09、T10、T11、T12、T13、T14、T15、T16、T17,a19,MATCH,enum_set,中（システム正答）,調査AGと検証AGが一致 — 採用(列挙14件が集合一致),1.00
20,東都人材プラットフォームの報告資料_2025-08-18.pdf で、渡辺遥と藤田彩の2人が担当となっている優先タスクを抽出してください。,分析計画書初版作成,わかりません,ABSTAIN,document_extract,中（システム棄権）,調査AGと検証AGが一致 — 採用(両者とも該当なし(棄権)で一致),0.00
21,青葉バイオメディカル機器のクライアントの主担当者の役職は何ですか。,人材戦略部長,a21,MATCH,fact_lookup,中（システム正答）,調査AGと検証AGが不一致(調査AGのみが該当なし(棄権) — 片方が値を主張し他方が棄権) → 第3判定が検証AGを支持(正規化テキストが一致),1.00
22,白峰信用リスク評価の01_eda_old.ipynbから01_eda.ipynbへの変更内容のうち、内容として変わっている点は何ですか。,記述統計（基本統計量）の表に、目的変数 class の列の統計量が追加された（Attr1〜64は同一）,わかりません,ABSTAIN,version_diff,高（システム棄権）,調査AGと検証AGが一致 — 採用(両者とも該当なし(棄権)で一致),0.00
23,ひがし丘の案件において、案件終了後のACTHが155時間10分だった場合の税込請求額は提案書内で記載の見込税込金額と比べて何円の減額になりますか。,"398,750円",a23,MATCH,fact_lookup,中（システム正答）,調査AGと検証AGが不一致(検証AGのみが該当なし(棄権) — 片方が値を主張し他方が棄権) → 第3判定が調査AGを支持(数値一致(丸め許容): 398750 ≈ 398750),1.00
24,分析データの中で、1つでも欠損値がある行数が最も多い案件を、主略称で答えてください。,AOMINE,わかりません,ABSTAIN,data_shape,中（システム棄権）,調査AGと検証AGが不一致(調査AGのみが該当なし(棄権) — 片方が値を主張し他方が棄権) → 第3判定が調査AGを支持(両者とも該当なし(棄権)で一致),0.00
25,白峰信用リスク評価のtrain.xlsxにおいて、青色ハイライト部分の合計値を求めてください。四捨五入して整数で答えてください。,-11851246,わかりません,ABSTAIN,derived_calculation,高（システム棄権）,調査AGと検証AGが不一致(検証AGのみが該当なし(棄権) — 片方が値を主張し他方が棄権) → 第3判定が検証AGを支持(両者とも該当なし(棄権)で一致),0.00
26,2025-08-15 から 2025-09-07 の間に契約期間が重なっている案件の中で、契約期間が 40日 を超えている案件を、主略称ですべて挙げてください。,TOTO、AOMINE,わかりません,ABSTAIN,enum_set,中（システム棄権）,調査AGと検証AGが一致 — 採用(両者とも該当なし(棄権)で一致),0.00
27,恒一会 かえで総合病院の提案書において、スコープ対象外としている項目はいくつありますか。,7,わかりません,ABSTAIN,derived_calculation,高（システム棄権）,"調査AGと検証AGが不一致(列挙不一致 — 調査AG欠落: 1.  **id列**: 「4.2 前処理方針」の表において, 2.  **日付列**: 「4.2 前処理方針」の表において, 「id列」が「識別子のためモデリングから除外」と明記されています。, 「恒一会 かえで総合病院の提案書」において, 「日付列」が「本, スコープ対象外としている項目は4つあります。, 根拠となる箇所は以下の通りです。 / 調査AG余剰: 3) → 決着不能: 第3判定「わかりません」がどちらの候補とも不一致 — 棄権",0.00
28,蒼樹会 みなみ野女性医療センターの分析結果として予測に影響が高いと報告されている特徴量の中で、最もターゲットとの相関が高い特徴量を答えてください。,BMI,a28,WRONG,derived_calculation,高（システム過信誤り）,調査AGと検証AGが不一致(調査AGのみが該当なし(棄権) — 片方が値を主張し他方が棄権) → 第3判定が検証AGを支持(正規化テキストが一致),1.00
29,恒一会 かえで総合病院のtrain.xlsx内のTPのヒストグラムで、3番目にカウント数が多いビンの範囲を小数第6位までで答えてください。,6.088138 ~ 6.288138,わかりません,ABSTAIN,fact_lookup,中（システム棄権）,調査AGと検証AGが不一致(調査AGのみが該当なし(棄権) — 片方が値を主張し他方が棄権) → 第3判定が調査AGを支持(両者とも該当なし(棄権)で一致),0.00
30,青葉与信マネジメントの分析対象データにおいて、標準化されたloan_amntが0未満の行のうち、purpose=credit_cardに該当し、かつloan_amntがpurpose=credit_card全体の平均を上回る行の割合は何%ですか。小数第2位まで答えてください。,1.18,わかりません,ABSTAIN,derived_calculation,高（システム棄権）,調査AGと検証AGが不一致(検証AGのみが該当なし(棄権) — 片方が値を主張し他方が棄権) → 決着不能: 第3判定「4.23%」がどちらの候補とも不一致 — 棄権,0.00
31,固定金額契約の中で、分析データ1行あたりの契約金額（税込）が最も高い案件を、主略称と1行あたりの金額で答えてください。1行あたりの金額は円単位で切り上げてください。,MINAMINO、1320円,わかりません,ABSTAIN,fact_lookup,中（システム棄権）,調査AGと検証AGが一致 — 採用(両者とも該当なし(棄権)で一致),0.00
32,青嶺不動産アセットマネジメントの分析出力 metrics.json の feature_selection.selected_columns に含まれている列のうち、分析コードで生成された数値交互作用特徴量の列名をすべて答えてください。,BOROUGH__x__BLOCK、BOROUGH__x__LOT、BOROUGH__x__ZIP CODE、BLOCK__x__LOT、BLOCK__x__ZIP CODE、LOT__x__ZIP CODE,a32,MATCH,enum_set,中（システム正答）,調査AGと検証AGが不一致(検証AGのみが該当なし(棄権) — 片方が値を主張し他方が棄権) → 第3判定が調査AGを支持(列挙6件が集合一致),1.00
33,青潮モビリティサービスの基礎分析.docxのグラフ2で、x=3のときの青色の折れ線のyの値を小数第5位で答えてください。,0.18696,わかりません,ABSTAIN,fact_lookup,中（システム棄権）,調査AGと検証AGが一致 — 採用(両者とも該当なし(棄権)で一致),0.00
34,MINAMINOにおいて、M01時点では未完了で、M02までの間に完了したAIのうち、伊藤さんが担当しているものを抽出してください。,A08、A09,わかりません,ABSTAIN,document_extract,中（システム棄権）,調査AGと検証AGが一致 — 採用(両者とも該当なし(棄権)で一致),0.00
35,京橋信用ソリューションズの京橋信用ソリューションズ株式会社_最終報告.pptxにおいて、F1スコアにてgradient_boostingに次ぐ順位のモデルの Accuracy はいくつですか。,0.90527,a35,MATCH,derived_calculation,高（システム正答）,調査AGと検証AGが一致 — 採用(数値一致(丸め許容): 0.90527 ≈ 0.90527),1.00
36,恒一会 かえで総合病院案件において、中間報告時点のF1スコア実測値と最終報告時点のF1スコア実測値の差を絶対値で答えてください。,0.09619112771492555,わかりません,ABSTAIN,fact_lookup,中（システム棄権）,調査AGと検証AGが不一致(調査AGのみが該当なし(棄権) — 片方が値を主張し他方が棄権) → 第3判定が調査AGを支持(両者とも該当なし(棄権)で一致),0.00
37,AOBMにおいて、見込金額（税込）と確定金額（税込）の差を、ESTHとACTHの差で割った1時間あたりの減少金額を計算してください。,"22,000円",わかりません,ABSTAIN,derived_calculation,高（システム棄権）,調査AGと検証AGが一致 — 採用(両者とも該当なし(棄権)で一致),0.00
38,社内管理のAPRに照らして、APR-M3が必要な案件を主略称ですべて挙げ、それらの契約金額（税込）の合計を答えてください。,該当なし,わかりません,ABSTAIN,enum_set,中（システム棄権）,調査AGと検証AGが一致 — 採用(両者とも該当なし(棄権)で一致),0.00
39,青潮モビリティサービスのtrain.xlsxのSheet1にあるグラフ1はどのカラムを可視化したものですか。,hum,わかりません,ABSTAIN,fact_lookup,中（システム棄権）,調査AGと検証AGが不一致(調査AGのみが該当なし(棄権) — 片方が値を主張し他方が棄権) → 第3判定が調査AGを支持(両者とも該当なし(棄権)で一致),0.00
40,2026年7月1日時点で存在する案件について、支払月ごとの精算総額が多い月を上位3つ、総額とあわせて答えてください。,"2025年10月:11,412,500円、2025年9月:9,350,000円、2025年8月:8,415,000円",わかりません,ABSTAIN,derived_calculation,高（システム棄権）,調査AGと検証AGが一致 — 採用(両者とも該当なし(棄権)で一致),0.00
41,AOBMのPLANにおいて、加藤さんが担当者に含まれるタスクIDはいくつありますか。,11,わかりません,ABSTAIN,derived_calculation,高（システム棄権）,調査AGと検証AGが一致 — 採用(両者とも該当なし(棄権)で一致),0.00
42,蒼泉会 ひがし丘総合病院のtrain.xlsxのSheet1において、黄色ハイライトされている数値に対応するデータの抽出条件と集計内容を答えてください。,sex=female、smoker=yes、region=southeast、charges=2で抽出されたデータに対する平均 / bmi,わかりません,ABSTAIN,document_extract,中（システム棄権）,調査AGと検証AGが不一致(検証AGのみが該当なし(棄権) — 片方が値を主張し他方が棄権) → 決着不能: 第3判定「抽出条件: sexがfemale、smokerがyes、regionがsoutheast、chargesが2であるデータ。集計内容: bmiの平均値。」がどちらの候補とも不一致 — 棄権,0.00
43,東都のCTにおいて、甲側の主担当者をフルネームで教えてください。,石川 直樹,a43,MATCH,fact_lookup,中（システム正答）,調査AGと検証AGが不一致(検証AGのみが該当なし(棄権) — 片方が値を主張し他方が棄権) → 第3判定が調査AGを支持(正規化テキストが一致),1.00
44,IMにあるFMにおいて、佐藤さんから見て右側に座っている人の名前をすべて挙げてください。,鈴木、藤田,わかりません,ABSTAIN,enum_set,中（システム棄権）,調査AGと検証AGが一致 — 採用(両者とも該当なし(棄権)で一致),0.00
45,京橋信用ソリューションズの会議録_2025-10-29.pdfと会議録_2025-11-11.pdfにおいて、会議ID M2 から M3 にかけて完了したアクションアイテムのIDをすべて挙げてください。,A01、A02、A03、A07、A08、A09、A10,わかりません,ABSTAIN,enum_set,中（システム棄権）,調査AGと検証AGが一致 — 採用(両者とも該当なし(棄権)で一致),0.00
46,着手金が最も高い案件について、その案件のESの内線番号を教えてください。,7201,わかりません,ABSTAIN,fact_lookup,中（システム棄権）,調査AGと検証AGが一致 — 採用(両者とも該当なし(棄権)で一致),0.00
47,青嶺不動産アセットマネジメントのtrain.xlsxにおいて、黄色ハイライトセルは予測と実際の誤差を計算していますが、その予測値の対象となっている不動産の建設年を算出してください。,1899年,わかりません,ABSTAIN,derived_calculation,高（システム棄権）,調査AGと検証AGが不一致(調査AGのみが該当なし(棄権) — 片方が値を主張し他方が棄権) → 第3判定が調査AGを支持(両者とも該当なし(棄権)で一致),0.00
48,青嶺不動産アセットマネジメントのニューヨーク不動産市場の最新動向調査.pdfにおいて、提案されているマンション税の新税率のうち、現行税率からの絶対値の増加が最も小さい価格帯はどこですか。,100万ドル超 - 500万ドル以下,わかりません,ABSTAIN,fact_lookup,中（システム棄権）,調査AGと検証AGが一致 — 採用(両者とも該当なし(棄権)で一致),0.00
49,東都人材プラットフォームの会議録において、コメントがついている部分をそのまま抽出してください。,WBS・進捗管理台帳確定（タスク割振・ガント更新）,わかりません,ABSTAIN,document_extract,中（システム棄権）,調査AGと検証AGが一致 — 採用(両者とも該当なし(棄権)で一致),0.00
50,東都人材プラットフォームのデータサイエンティスト調査において、Salary.com が公表しているデータサイエンティストの年間基本給について、上位90%の層と中央値の差はいくらですか。,"13,222ドル",わかりません,ABSTAIN,derived_calculation,高（システム棄権）,調査AGと検証AGが不一致(検証AGのみが該当なし(棄権) — 片方が値を主張し他方が棄権) → 第3判定が検証AGを支持(両者とも該当なし(棄権)で一致),0.00
51,白峰信用リスク評価の提案書.pptxにおいて、モデルの高度化（説明性・セグメント分析）の実行予定スケジュールは案件開始から第何週目に実施予定でしょうか。,第6週目から第8週目,わかりません,ABSTAIN,fact_lookup,中（システム棄権）,調査AGと検証AGが不一致(検証AGのみが該当なし(棄権) — 片方が値を主張し他方が棄権) → 決着不能: 第3判定「第7週、第8週」がどちらの候補とも不一致 — 棄権,0.00
52,蒼樹会 みなみ野女性医療センターの今後の運用に関する記載の中で、データアステル側の役割として「別契約」と明記されているものを抽出してください。,監視ダッシュボード構築,わかりません,ABSTAIN,document_extract,中（システム棄権）,調査AGと検証AGが不一致(検証AGのみが該当なし(棄権) — 片方が値を主張し他方が棄権) → 決着不能: 第3判定「本番システム実装、API化、運用監視設計、電子カルテ等の他システムとの接続開発、新規データ取得、追加調査の大幅拡張、契約締結時点で提示されていない追加データの統合分析、契約範囲外の追加帳票・追加会議体の無償対応」がどちらの候補とも不一致 — 棄権,0.00
53,TOTOのFR書にて記載のある選択特徴量のうち、ENG-FTはいくつありますか。,6,わかりません,ABSTAIN,derived_calculation,高（システム棄権）,調査AGと検証AGが一致 — 採用(両者とも該当なし(棄権)で一致),0.00
54,青潮モビリティサービスの基礎分析.docxのグラフ1で、x=3のときのyの値を小数第5位で答えてください。,0.50534,わかりません,ABSTAIN,fact_lookup,中（システム棄権）,調査AGと検証AGが不一致(調査AGのみが該当なし(棄権) — 片方が値を主張し他方が棄権) → 決着不能: 第3判定「0.50239」がどちらの候補とも不一致 — 棄権,0.00
55,事後精算案件のうち、提案時の見積工数と最終報告で報告されている実績工数の乖離が最も大きい案件を主略称で挙げてください。,AOMINE,わかりません,ABSTAIN,document_extract,中（システム棄権）,調査AGと検証AGが一致 — 採用(両者とも該当なし(棄権)で一致),0.00
56,蒼泉会 ひがし丘総合病院の01_eda.ipynbにおける目的変数分析の可視化において、y軸に実際に表示されている目盛りの最大値は何ですか。,1200,わかりません,ABSTAIN,derived_calculation,高（システム棄権）,調査AGと検証AGが不一致(調査AGのみが該当なし(棄権) — 片方が値を主張し他方が棄権) → 第3判定が調査AGを支持(両者とも該当なし(棄権)で一致),0.00
57,青葉のTXにて算出された回帰係数を用いて全データの予測値を計算し、正解データに対する F1 スコアが最大となるように閾値を設定したときの F1 スコアを答えてください。小数第5位まで求めてください。,0.42396,わかりません,ABSTAIN,derived_calculation,高（システム棄権）,調査AGと検証AGが一致 — 採用(両者とも該当なし(棄権)で一致),0.00
58,社内管理フォルダにあるFMにおいて、井上さんの向かいに座っている方のEXTを教えてください。,7102,わかりません,ABSTAIN,fact_lookup,中（システム棄権）,調査AGと検証AGが一致 — 採用(両者とも該当なし(棄権)で一致),0.00
59,京ソのPP_final.pptxにおいて、この案件にかかる金額の提示がまとまっているのは何ページですか。,13ページ,わかりません,ABSTAIN,fact_lookup,中（システム棄権）,調査AGと検証AGが不一致(検証AGのみが該当なし(棄権) — 片方が値を主張し他方が棄権) → 第3判定が検証AGを支持(両者とも該当なし(棄権)で一致),0.00
60,白峰信用リスク評価の最終報告資料内で未完事項として挙げられているIDをすべて抽出してください。,AI-05、AI-08、AI-09,a60,MATCH,document_extract,中（システム正答）,調査AGと検証AGが一致 — 採用(列挙3件が集合一致),1.00
61,京橋信用ソリューションズの分析コードにおいて、今回の学習で勾配ブースティング法のモデルに実際に渡される n_estimators、learning_rate、random_state はそれぞれいくつですか。設定ファイルに明示されていない値がある場合も、実行時にコード上で適用される値を含めて答えてください。,n_estimators=300、learning_rate=0.1、random_state=42,わかりません,ABSTAIN,config_hyperparam,中（システム棄権）,調査AGと検証AGが一致 — 採用(両者とも該当なし(棄権)で一致),0.00
62,青葉与信マネジメントの最終報告資料における、モデル比較で上位2件のスコア差を生んでいる設定差分は何ですか。,n_estimators（1位=500、2位=300）,わかりません,ABSTAIN,fact_lookup,中（システム棄権）,調査AGと検証AGが不一致(検証AGのみが該当なし(棄権) — 片方が値を主張し他方が棄権) → 決着不能: 第3判定「n_estimatorsの値（500と300）」がどちらの候補とも不一致 — 棄権,0.00
63,青葉与信マネジメントのtrain.xlsxにて算出された回帰係数を使ってid=0を予測した場合の予測値はいくらになりますか。小数第5位まで求めてください。,0.15002,わかりません,ABSTAIN,derived_calculation,高（システム棄権）,調査AGと検証AGが一致 — 採用(両者とも該当なし(棄権)で一致),0.00
64,青潮モビリティサービスの最終報告PDFにおいて、将来のフェーズAとフェーズBを実施した場合の想定工数は合計で何時間ですか。,80〜130時間,わかりません,ABSTAIN,derived_calculation,高（システム棄権）,調査AGと検証AGが一致 — 採用(両者とも該当なし(棄権)で一致),0.00
65,白峰信用リスク評価のtrain.xlsxにおいて、表示されている相関係数シートで、黄色ハイライトになっているセルの条件を答えてください。,相関係数が-0.99未満（-0.99より小さい）のセル,わかりません,ABSTAIN,derived_calculation,高（システム棄権）,調査AGと検証AGが不一致(検証AGのみが該当なし(棄権) — 片方が値を主張し他方が棄権) → 決着不能: 第3判定「相関係数の絶対値が0.9以上（ただし、対角成分を除く）」がどちらの候補とも不一致 — 棄権,0.00
66,京橋信用ソリューションズのEDAの日付分析の可視化において、件数が最も高いのは何日ですか。,20日,a66,MATCH,fact_lookup,中（システム正答）,"調査AGと検証AGが不一致(列挙不一致 — 調査AG欠落: **導出手順:**, **根拠:**, 1. 質問のキーワード「京橋信用ソリューションズ」「edaの日付分析」「可視化」「件数が最も高いのは何日」から, 2. `find_files`で「京橋信用ソリューションズ」を含むファイルを検索し, 3. `caption_image`ツールで`figure_06.png`の内容を確認したところ, 4. グラフの元データを探すため, 5. `train.csv`ファイルに`day`列が存在することを確認し, 6. `compute`ツールを使用し, 7. 同様に`df.groupby('day').size().max()`を実行してその日の件数を確認しました。結果は`1612`でした。, `date_key`が`day`列に相当すると推測しました。, `day` 列でグループ化し, `file_grep`で「件数」をキーワードにプロジェクト内を検索したところ, `プロジェクト/京橋信用ソリューションズ株式会社/03.データ/train.csv` ファイルにおいて, `プロジェクト/京橋信用ソリューションズ株式会社/03.データ/train.csv`に対して`df.groupby('day').size().idxmax()`を実行して件数が最も高い日を特定しました。結果は`20`でした。, `プロジェクト/京橋信用ソリューションズ株式会社/04.分析/analysis_project/notebooks/01_eda.ipynb`内で`agg = tmp.groupby('date_key').agg(件数=(target_col, 'size'))`という件数集計ロジックが発見されました。, `プロジェクト/京橋信用ソリューションズ株式会社/04.分析/analysis_project/reports/figures/figure_06.png`という画像ファイルが日付分析の可視化である可能性が高いと判断しました。, confidence: 1.0, evidence: ""the day with the highest count is 20, with a count of 1612, as calculated from 'プロジェクト/京橋信用ソリューションズ株式会社/03.データ/train.csv' by grouping by the 'day' column and finding the maximum size."", method: ""1. identified potential visualization file `figure_06.png` related to '京橋信用ソリューションズ' and 'eda'. 2. used `caption_image` to confirm `figure_06.png` is a 'day による件数推移' chart. 3. used `file_grep` to find the data aggregation logic in `01_eda.ipynb`, specifically `groupby('date_key').agg(件数=(target_col, 'size'))`. 4. identified `train.csv` as the likely data source and confirmed the presence of a 'day' column. 5. used `compute` to group `train.csv` by 'day' and find the day with the maximum count using `df.groupby('day').size().idxmax()` and the maximum count itself using `df.groupby('day').size().max()`."", 「タイトル: day による件数推移。横軸: 日。左縦軸: 件数。」と説明され, その件数は1612件でした。, 件数が最も高いのは20日です。, 各日の件数を集計した結果, 日付ごとの件数を示すグラフであることが確認できました。, 最も件数が多いのは20日であり, 関連するファイルを探しました。 / 調査AG余剰: 20日) → 第3判定が調査AGを支持(数値一致(丸め許容): 20 ≈ 20)",1.00
67,完了案件のうち、社内管理のAPRでAPR-M2に該当する案件の中で、提案時金額とFR時の金額が異なる案件を案件略称ですべて挙げてください。,AOSHIO、AOMINE、AOBM,わかりません,ABSTAIN,enum_set,中（システム棄権）,調査AGと検証AGが一致 — 採用(両者とも該当なし(棄権)で一致),0.00
68,東都人材プラットフォームのデータサイエンス市場の未来予測.pdfにおいて、投資実装係数の計算式が記載されているページの数値情報を式に代入し、投資実装係数を小数で答えてください。,1.3986,わかりません,ABSTAIN,derived_calculation,高（システム棄権）,調査AGと検証AGが不一致(調査AGのみが該当なし(棄権) — 片方が値を主張し他方が棄権) → 第3判定が調査AGを支持(両者とも該当なし(棄権)で一致),0.00
69,白峰信用リスク評価の最終報告資料において、パイロット運用は本番化スケジュール上で第何週目から第何週目に実施予定ですか。,第5週目から第6週目,わかりません,ABSTAIN,fact_lookup,中（システム棄権）,調査AGと検証AGが不一致(調査AGのみが該当なし(棄権) — 片方が値を主張し他方が棄権) → 第3判定が調査AGを支持(両者とも該当なし(棄権)で一致),0.00
70,白峰信用リスク評価の5月27日の報告資料で Open として優先フォロー対象に挙げられているアクションIDの中で、会議録において完了となっていないIDを上げてください。,AI-05,わかりません,ABSTAIN,document_extract,中（システム棄権）,調査AGと検証AGが不一致(調査AGのみが該当なし(棄権) — 片方が値を主張し他方が棄権) → 第3判定が調査AGを支持(両者とも該当なし(棄権)で一致),0.00
71,青嶺不動産アセットマネジメントの会議録の中で、太字、下線、イタリックのすべてに該当する箇所を抽出してください。,"4,250,000円",わかりません,ABSTAIN,document_extract,中（システム棄権）,調査AGと検証AGが不一致(検証AGのみが該当なし(棄権) — 片方が値を主張し他方が棄権) → 第3判定が検証AGを支持(両者とも該当なし(棄権)で一致),0.00
72,KSSにおいて、データエンジニアが担当するタスクIDはいくつありますか。,5,わかりません,ABSTAIN,derived_calculation,高（システム棄権）,調査AGと検証AGが一致 — 採用(両者とも該当なし(棄権)で一致),0.00
73,恒一会のPPで言及されている One-Hot Encoding のカテゴリ数閾値を実装設定から確認したうえで、その条件により One-Hot Encoding の対象となるカテゴリ列をすべて答えてください。,Gender,わかりません,ABSTAIN,enum_set,中（システム棄権）,調査AGと検証AGが不一致(調査AGのみが該当なし(棄権) — 片方が値を主張し他方が棄権) → 第3判定が調査AGを支持(両者とも該当なし(棄権)で一致),0.00
74,青葉与信マネジメントの提案書_v1.pptxから提案書_v2.pptxに修正されたもののうち、案件遂行に関連する変更を挙げてください。,ビジネスアナリストの担当者が藤田 彩から井上 里奈に変更,わかりません,ABSTAIN,version_diff,高（システム棄権）,"調査AGと検証AGが不一致(列挙不一致 — 調査AG欠落: 1. スライド5「3. スコープ ― 対象範囲」において, ビジネスアナリストの担当者が「藤田 彩」から「井上 里奈」に変更された。, 各フェーズに番号が追加され, 案件遂行のステップがより明確になった。2. スライド9「5. 実施体制」において / 調査AG余剰: ビジネスアナリストが藤田彩氏から井上里奈氏に変更されています。, 実施体制のうち) → 決着不能: 第3判定「わかりません」がどちらの候補とも不一致 — 棄権",0.00
75,MINAMINOのPP内のPL案において、モデル構築は第何週に実施することになっていますか。,第4週,わかりません,ABSTAIN,fact_lookup,中（システム棄権）,調査AGと検証AGが一致 — 採用(両者とも該当なし(棄権)で一致),0.00
76,"AOMINEの契約条件において、契約単価が現状よりも2,000円高く、実績工数が11.2時間少なかった場合、税込請求金額は、実際の税込請求金額と比べていくら変動しますか。","79,200円の増加",わかりません,ABSTAIN,derived_calculation,高（システム棄権）,調査AGと検証AGが一致 — 採用(両者とも該当なし(棄権)で一致),0.00
77,蒼泉会 ひがし丘総合病院のtrain.xlsxのSheet2において、黄色ハイライトされている数値に対応するデータの抽出条件と集計内容を答えてください。,children=3、smoker=noで抽出されたデータに対する合計 / age,わかりません,ABSTAIN,document_extract,中（システム棄権）,"調査AGと検証AGが不一致(列挙不一致 — 調査AG欠落: `蒼泉会 ひがし丘総合病院のtrain.xlsx`の`sheet2`において, 黄色ハイライトされている数値はセル`e14`の`4 / 調査AG余剰: かつ非喫煙者」, 抽出条件は「子供の数が3人, 集計内容は「年齢の合計」です。) → 決着不能: 第3判定「抽出条件: childrenが3かつsmokerがno、集計内容: ageの合計」がどちらの候補とも不一致 — 棄権",0.00
78,ひがし丘の契約条件において、ACTHが200時間を超えた場合の精算方法に関する規定内容を答えてください。,"ACTHが200時間を超えた場合の特別な精算規定はなく、実績工数に時間単価25,000円(税別)を乗じ消費税を加算して月次で精算する(30分単位・切上げ、上限なし)。",わかりません,ABSTAIN,fact_lookup,中（システム棄権）,"調査AGと検証AGが不一致(列挙不一致 — 調査AG欠落: **confidence:** 1.0, **evidence:**, **method:**, **回答:**, - 6.2 単価および見込金額: 「前項の見込金額は170時間を前提とした見込額であり, - 6.2 単価および見込金額: 「時間単価は25,000円(消費税別)とする。」, - 6.3 工数記録および精算方法: 「見込工数170時間はあくまで見積上の前提であり, ---, 1. `find_files`ツールで「ひがし丘」に関連するファイルを検索し, 2. `read_office`ツールで`契約書.docx`の内容を読み込んだ。, 3. 読み込んだ内容から「acth」「200時間」「精算」といったキーワードに関連する箇所を抽出し, `プロジェクト/医療法人社団 蒼泉会 ひがし丘総合病院/01.契約/契約書.docx`を特定した。, acth(実績工数)が200時間を超えた場合でも, acth(実績工数)が200時間を超えた場合の精算方法に関する規定は以下の通りです。, 「ひがし丘の契約条件」において, 「見込工数170時間はあくまで見積上の前提であり, この見込金額は契約総額を固定するものではありません。最終請求額は, これに消費税を加算した金額が最終請求額となる。, これに消費税を加算した金額とする。」, これに消費税を加算した金額となります。, したがって, その実績工数に基づいて, また, プロジェクト/医療法人社団 蒼泉会 ひがし丘総合病院/01.契約/契約書.docx, 契約書「6.2 単価および見込金額」および「6.3 工数記録および精算方法」によると, 契約総額を固定するものではない。最終請求額は, 実績工数がこれを上回りまたは下回る場合でも, 実績工数に時間単価(25,000円/時間, 実績工数に時間単価25,000円(消費税別)を乗じ, 実績工数に時間単価を乗じ, 想定総工数は170時間とされていますが, 時間単価25,000円(消費税別)を乗じ, 本契約の料金モデルは前項各号に従い処理する。」, 本契約の料金モデルは前項各号に従い処理する」と明記されています。, 消費税を加算した金額が最終的な精算額となります。, 消費税別)を乗じ, 特に「6.2 単価および見込金額」と「6.3 工数記録および精算方法」 / 調査AG余剰: acth(実績工数)が200時間を超えた場合の特別な精算方法は規定されていません。契約書によると, ひがし丘の契約条件において, 想定総工数の170時間を超えた場合でも, 料金モデルは時間単価25,000円(税別)の実績工数に基づく事後精算(タイムアンドマテリアル)となっており, 超過分を含めた実績工数に時間単価を乗じて精算されます。) → 決着不能: 第3判定「実績工数に時間単価（25,000円/時間）を乗じ、消費税を加算した金額で精算する。」がどちらの候補とも不一致 — 棄権",0.00
79,恒一会 かえで総合病院の計画フォルダ内において、データアステル側の担当者のうち、1タスク当たりの想定工数（想定工数 ÷ 担当タスク数）が最も大きい人のフルネームと、その1タスク当たりの想定工数を小数第2位で答えてください。ファイルに鍵がかかっている場合は社内管理を確認してください。,池田 直哉、7.00,わかりません,ABSTAIN,fact_lookup,中（システム棄権）,調査AGと検証AGが一致 — 採用(両者とも該当なし(棄権)で一致),0.00
80,東都人材プラットフォームのtrain.xlsxにおいて、Sheet2の黄色にハイライトされたセルの抽出条件と集計内容を答えてください。,Gender=Male、target=3、Age=30-34、Profession=Software Engineerで抽出されたデータに対する個数,わかりません,ABSTAIN,document_extract,中（システム棄権）,調査AGと検証AGが一致 — 採用(両者とも該当なし(棄権)で一致),0.00
81,京橋信用ソリューションズとの契約書において、太字で記載されている部分を抽出してください。,契約締結日兼効力発生日：2025-10-01,わかりません,ABSTAIN,document_extract,中（システム棄権）,"調査AGと検証AGが不一致(列挙不一致 — 調査AG欠落: **導出手順**:, **根拠**:, ---, 1. `find_files` ツールで「京橋信用ソリューションズ」に関連するファイルを検索しました。, 2. 検索結果から, 3. `read_office` ツールを使用して, 4. 抽出されたテキストの中から, `read_office` ツールで「プロジェクト/京橋信用ソリューションズ株式会社/01.契約/契約書.docx」を読み込んだ結果, 「【太字箇所】」というプレフィックスが付与された部分を太字箇所として特定し, 「京橋信用ソリューションズとの契約書」において, その内容を回答として抽出しました。, 太字で記載されている部分は以下の通りです。, 契約書と思われる「プロジェクト/京橋信用ソリューションズ株式会社/01.契約/契約書.docx」を特定しました。, 当該部分が太字であることが示されています。, 書式保持テキストとして「【太字箇所】契約締結日兼効力発生日:2025-10-01」という記述が確認されました。この「【太字箇所】」というプレフィックスから, 特定した契約書ファイルの内容を抽出しました。) → 決着不能: 第3判定「わかりません」がどちらの候補とも不一致 — 棄権",0.00
82,蒼泉会 ひがし丘総合病院のスケジュール.xlsxにおいて、WBSシートでオレンジ色にハイライトされている行のタスクIDをすべて教えてください。,T02、T14、T16、T22、T24,わかりません,ABSTAIN,document_extract,中（システム棄権）,調査AGと検証AGが一致 — 採用(両者とも該当なし(棄権)で一致),0.00
83,蒼樹会 みなみ野女性医療センターのtrain.xlsxにおいて、回帰分析の結果として記載されている係数をindex=1770のデータに当てはめたときの予測値はいくつですか。小数第5位まで答えてください。,0.38317,わかりません,ABSTAIN,derived_calculation,高（システム棄権）,調査AGと検証AGが不一致(調査AGのみが該当なし(棄権) — 片方が値を主張し他方が棄権) → 決着不能: 第3判定「0.23988」がどちらの候補とも不一致 — 棄権,0.00
84,東都人材プラットフォームの最終報告書で分析結果が記載されている中で、モデル毎のF1スコアがランキング形式で記載されているページ数を教えてください。,5,わかりません,ABSTAIN,fact_lookup,中（システム棄権）,調査AGと検証AGが不一致(検証AGのみが該当なし(棄権) — 片方が値を主張し他方が棄権) → 第3判定が検証AGを支持(両者とも該当なし(棄権)で一致),0.00
85,青葉バイオメディカル機器の最終報告において、設定されたKPIとして未達成とされている項目を挙げてください。,該当なし,わかりません,ABSTAIN,document_extract,中（システム棄権）,"調査AGと検証AGが不一致(列挙不一致 — 調査AG欠落: 未達成のkpi項目はありません。 / 調査AG余剰: 最終報告書によると, 未達成の項目はありません。, 設定された全6項目のkpiはすべて達成されており) → 決着不能: 第3判定「青葉バイオメディカル機器の最終報告において、未達成とされているKPI項目はありません。全6項目のKPIすべてが「達成」と評価されています。」がどちらの候補とも不一致 — 棄権",0.00
86,各案件のPP・契約書・PLAN・FRにおいて、DA側の実施体制として役割付きで記載されている人物は全部で何人ですか。,19,わかりません,ABSTAIN,derived_calculation,高（システム棄権）,調査AGと検証AGが一致 — 採用(両者とも該当なし(棄権)で一致),0.00
87,完了案件のうち、社内管理のAPRでAPR-M1に該当し、かつ顧客データのサンプル数が10000行以上の案件を、案件略称ですべて挙げてください。,AYM,わかりません,ABSTAIN,enum_set,中（システム棄権）,調査AGと検証AGが一致 — 採用(両者とも該当なし(棄権)で一致),0.00
88,蒼樹会 みなみ野女性医療センターの提案書内のスケジュール案において、第5週目に実施することになっている項目は何ですか。,解釈・業務示唆整理,a88,MATCH,document_extract,中（システム正答）,調査AGと検証AGが不一致(列挙不一致 — 調査AG余剰: 最終化・報告) → 第3判定が検証AGを支持(正規化テキストが一致),1.00
89,京橋信用ソリューションズのスケジュール.xlsxにおいて、フェーズNo6にて最後に開始するタスク名は何ですか。,最終報告・成果物提出・検収会,a89,WRONG,fact_lookup,中（システム過信誤り）,調査AGと検証AGが一致 — 採用(正規化テキストが一致),1.00
90,青潮モビリティサービスのスケジュール.xlsxにおいて、バッファとして使用した工数の合計は何時間ですか。,8時間,わかりません,ABSTAIN,derived_calculation,高（システム棄権）,調査AGと検証AGが不一致(調査AGのみが該当なし(棄権) — 片方が値を主張し他方が棄権) → 第3判定が調査AGを支持(両者とも該当なし(棄権)で一致),0.00
91,京橋信用ソリューションズの顧客データにおいて、目的変数と最も強い負の相関を持つカラムは何ですか。,campaign,a91,MATCH,derived_calculation,高（システム正答）,調査AGと検証AGが不一致(調査AGのみが該当なし(棄権) — 片方が値を主張し他方が棄権) → 第3判定が検証AGを支持(正規化テキストが一致),1.00
92,恒一会 かえで総合病院案件において、マイルストーンID、タスクID、アクションIDの3種類のIDは合計でいくつ発行されていますか。マークダウンファイル以外から算出してください。,49,わかりません,ABSTAIN,derived_calculation,高（システム棄権）,調査AGと検証AGが一致 — 採用(両者とも該当なし(棄権)で一致),0.00
93,蒼樹会 みなみ野女性医療センターのアクションIDA10の内容をそのまま抜き出してください。,前処理パイプライン実装：0値を疑似欠損（NA）扱いにする処理と補完ロジック（中央値等）を実装・ドキュメント化,わかりません,ABSTAIN,document_extract,中（システム棄権）,調査AGと検証AGが不一致(調査AGのみが該当なし(棄権) — 片方が値を主張し他方が棄権) → 決着不能: 第3判定「Use ordered features and class target encoding. | Use histogram boosting with the best exploratory regularization settings.」がどちらの候補とも不一致 — 棄権,0.00
94,蒼樹会 みなみ野女性医療センターのスケジュール.xlsxにおいて、MS3に紐づくタスクのうち、ビジネスアナリストが関わっているタスクIDを答えてください。,T09,わかりません,ABSTAIN,document_extract,中（システム棄権）,調査AGと検証AGが不一致(検証AGのみが該当なし(棄権) — 片方が値を主張し他方が棄権) → 第3判定が検証AGを支持(両者とも該当なし(棄権)で一致),0.00
95,青嶺不動産アセットマネジメントのスケジュール_r1.xlsxとスケジュール_r2.xlsxを比較したとき、未着手から完了への変更を除いて、案件遂行に関連する変更点を挙げてください。,T15（モデル評価・重要特徴量整理）の担当者に小林 直樹を追加,わかりません,ABSTAIN,version_diff,高（システム棄権）,調査AGと検証AGが一致 — 採用(両者とも該当なし(棄権)で一致),0.00
96,青葉与信マネジメントのチェックポイント2として設定されている内容に関連するタスクIDを教えてください。,T05、T06、T07、T08,わかりません,ABSTAIN,document_extract,中（システム棄権）,"調査AGと検証AGが不一致(値不一致: 調査AG「T05～T08」 vs 検証AG「T05, T06, T07, T08」) → 決着不能: 第3判定「T05、T06、T07、T08」がどちらの候補とも不一致 — 棄権",0.00
97,青葉バイオメディカル機器のtrain.xlsxにおいて、黄色ハイライトが交差している2つのセルの値の差の絶対値を計算してください。,272,わかりません,ABSTAIN,derived_calculation,高（システム棄権）,調査AGと検証AGが一致 — 採用(両者とも該当なし(棄権)で一致),0.00
98,TM案件において、RATEが変更されたのは何年何月1日からと想定されますか。,2025年7月1日,わかりません,ABSTAIN,fact_lookup,中（システム棄権）,調査AGと検証AGが一致 — 採用(両者とも該当なし(棄権)で一致),0.00
99,蒼樹会 みなみ野女性医療センターの糖尿病統計情報調査結果において、死亡率が最も高い都道府県の死亡率は、4番目に低い都道府県の死亡率の何倍ですか。小数第2位まで求めてください。,2.49,わかりません,ABSTAIN,derived_calculation,高（システム棄権）,調査AGと検証AGが一致 — 採用(両者とも該当なし(棄権)で一致),0.00
